<?xml version="1.0" encoding="UTF-8"?>
<project-private xmlns="http://www.netbeans.org/ns/project-private/1">
    <editor-bookmarks xmlns="http://www.netbeans.org/ns/editor-bookmarks/2" lastBookmarkId="0"/>
    <open-files xmlns="http://www.netbeans.org/ns/projectui-open-files/2">
        <group>
            <file>file:/C:/Users/diego/OneDrive/DAZ%20UMCA/Progra%202/App%20tarea/src/java/expenses/database/module/databaseHelper.java</file>
            <file>file:/C:/Users/diego/OneDrive/DAZ%20UMCA/Progra%202/App%20tarea/src/java/expenses/manage/module/expensesServlet.java</file>
            <file>file:/C:/Users/diego/OneDrive/DAZ%20UMCA/Progra%202/App%20tarea/src/java/expenses/models/module/User.java</file>
            <file>file:/C:/Users/diego/OneDrive/DAZ%20UMCA/Progra%202/App%20tarea/src/java/expenses/models/module/contacto.java</file>
            <file>file:/C:/Users/diego/OneDrive/DAZ%20UMCA/Progra%202/App%20tarea/src/java/expenses/manage/module/AgregarServlet.java</file>
            <file>file:/C:/Users/diego/OneDrive/DAZ%20UMCA/Progra%202/App%20tarea/web/index.html</file>
            <file>file:/C:/Users/diego/OneDrive/DAZ%20UMCA/Progra%202/App%20tarea/src/java/expenses/access/module/loginServlet.java</file>
        </group>
    </open-files>
</project-private>
